{"loss": [0.6771213059212752, 0.6323942545872585, 0.5922441275636102, 0.5515246471022345, 0.5244673974574752, 0.5045140359052427, 0.48445701447262124, 0.4615621644600182, 0.45488001567542935, 0.44084939218250807], "time_per_epoch": [13.75368046760559, 13.124945402145386, 13.320087432861328, 12.981844663619995, 12.917924404144287, 12.415840864181519, 12.165794610977173, 11.888366460800171, 11.743416547775269, 13.18751835823059], "total_time": 127.50143337249756, "steps": 1570, "final_acc": 80.55}