{"0.1": {"loss": [0.7015593461692333, 0.6879671700298786, 0.6798137426376343, 0.6801405921578407, 0.6699994094669819, 0.6649289280176163, 0.6614717543125153, 0.6493552923202515, 0.6549424678087234, 0.6322550773620605], "time_per_epoch": [7.8051605224609375, 7.838647365570068, 8.308337926864624, 8.036403894424438, 7.608744859695435, 7.767157793045044, 7.785439729690552, 8.714600563049316, 8.65003228187561, 8.527845621109009], "total_time": 81.04237055778503, "steps": 160, "final_acc": 60.9}, "0.25": {"loss": [0.6941970512270927, 0.6862904712557792, 0.6729133710265159, 0.6743561074137687, 0.6602568909525871, 0.625645212829113, 0.6265475928783417, 0.6002576649188995, 0.5841160587966442, 0.5673798404633998], "time_per_epoch": [9.431516647338867, 9.077703714370728, 9.057475805282593, 9.215522527694702, 9.086210489273071, 9.401829481124878, 9.357845067977905, 9.117207050323486, 9.147271871566772, 8.346648216247559], "total_time": 91.24533033370972, "steps": 400, "final_acc": 69.25}, "0.5": {"loss": [0.6724225056322315, 0.6385863770412493, 0.6104143940949742, 0.5771968975851808, 0.5525735435606558, 0.5406750723530974, 0.5044571964801112, 0.4772970306722424, 0.4741066098213196, 0.47026241429244414], "time_per_epoch": [10.250331163406372, 10.576997518539429, 10.258782386779785, 10.162188291549683, 10.18417477607727, 10.287275791168213, 10.325058460235596, 10.493330955505371, 10.404033660888672, 10.21645474433899], "total_time": 103.16212463378906, "steps": 790, "final_acc": 76.95}, "1.0": {"loss": [0.664046203254894, 0.6092684849811967, 0.5639190510579735, 0.5366551925422279, 0.5079416962945538, 0.48719055656414884, 0.47524176110887223, 0.4555624214706907, 0.441062597142663, 0.4257441015000556], "time_per_epoch": [13.2105712890625, 12.741851091384888, 12.75327730178833, 12.829763889312744, 12.938998222351074, 12.916412115097046, 12.981319189071655, 12.383757591247559, 12.363957405090332, 12.737917184829712], "total_time": 127.85991072654724, "steps": 1570, "final_acc": 80.8}}