{"loss": [0.5369340920448303, 0.2502969985961914, 0.2000038418531418, 0.17374761497974395, 0.15676300477981567, 0.14647293534278868, 0.13768741137981413, 0.1312304250717163, 0.12609132478237153, 0.12135590406656266, 0.11775954736471177, 0.11387166596651077, 0.11133248764276504, 0.10836259710788727, 0.10635352437496186, 0.10418926777839661, 0.1021555879354477, 0.1003393546462059, 0.09847251385450363, 0.09710291200876237], "time_per_epoch": [32.667295694351196, 33.758097887039185, 35.342586278915405, 34.468623638153076, 34.73034644126892, 34.337637186050415, 35.91182494163513, 35.09623408317566, 34.62859082221985, 36.53343605995178, 41.27840447425842, 39.542418241500854, 36.76081919670105, 35.14011335372925, 35.54573702812195, 35.6772358417511, 36.176759481430054, 37.6869101524353, 34.24268341064453, 32.44962501525879], "total_time": 711.9753792285919}