{"0.1": {"loss": [0.7545529454946518, 0.718751847743988, 0.6975257843732834, 0.6717795953154564, 0.6560092233121395, 0.6699998378753662, 0.6612664051353931, 0.6608253717422485, 0.6413780115544796, 0.6542049087584019], "time_per_epoch": [8.035751581192017, 7.829875230789185, 7.9599456787109375, 8.95081615447998, 8.654956102371216, 8.656572818756104, 8.441638708114624, 8.582614421844482, 8.775261163711548, 8.59241533279419], "total_time": 84.48096919059753, "steps": 160, "final_acc": 63.55}, "0.25": {"loss": [0.7673661440610886, 0.6891137078404427, 0.6717478156089782, 0.6653441771864891, 0.6611719161272049, 0.6468891322612762, 0.6485879361629486, 0.6317546315491199, 0.6304017588496208, 0.639254666864872], "time_per_epoch": [9.187423706054688, 9.230364084243774, 9.36084794998169, 9.342362880706787, 9.302829027175903, 9.348329067230225, 9.166003227233887, 9.321678638458252, 9.199599742889404, 9.420376777648926], "total_time": 92.87981510162354, "steps": 400, "final_acc": 65.9}, "0.5": {"loss": [0.7005657417864739, 0.6611537827721125, 0.642930641204496, 0.6394862208185317, 0.6376189061358005, 0.6208996297437933, 0.6268735467633114, 0.6088707228250141, 0.6068767535535595, 0.6063374846796447], "time_per_epoch": [10.530406951904297, 10.580384016036987, 10.400701999664307, 10.57102346420288, 10.546239376068115, 10.526915550231934, 10.563986778259277, 10.592576503753662, 10.593467712402344, 10.619319200515747], "total_time": 105.52615904808044, "steps": 790, "final_acc": 66.65}, "1.0": {"loss": [0.6864912206200278, 0.6497532368465594, 0.6331141382266002, 0.623188801631806, 0.6093901769750437, 0.6042343962724042, 0.597512648743429, 0.5926675857252376, 0.5850964122137446, 0.5769228796670391], "time_per_epoch": [13.080071926116943, 13.140471458435059, 12.638252973556519, 12.035831928253174, 12.000911235809326, 12.4655442237854, 12.352446556091309, 11.957950353622437, 12.089802742004395, 12.53261947631836], "total_time": 124.29445505142212, "steps": 1570, "final_acc": 70.2}}